{
  "properties": {
    "connectionReferences": {
      "shared_commondataserviceforapps": {
        "runtimeSource": "embedded",
        "connection": {
          "connectionReferenceLogicalName": "new_sharedcommondataserviceforapps_d04e4"
        },
        "api": {
          "name": "shared_commondataserviceforapps"
        }
      },
      "shared_approvals": {
        "runtimeSource": "embedded",
        "connection": {
          "connectionReferenceLogicalName": "new_sharedapprovals_29e77"
        },
        "api": {
          "name": "shared_approvals"
        }
      }
    },
    "definition": {
      "$schema": "https://schema.management.azure.com/providers/Microsoft.Logic/schemas/2016-06-01/workflowdefinition.json#",
      "contentVersion": "1.0.0.0",
      "parameters": {
        "$connections": {
          "defaultValue": {},
          "type": "Object"
        },
        "$authentication": {
          "defaultValue": {},
          "type": "SecureObject"
        }
      },
      "triggers": {
        "行が追加、変更、または削除された場合": {
          "metadata": {
            "operationMetadataId": "4317b99a-c277-427b-8906-98b8a6d7f63e"
          },
          "type": "OpenApiConnectionWebhook",
          "inputs": {
            "host": {
              "connectionName": "shared_commondataserviceforapps",
              "operationId": "SubscribeWebhookTrigger",
              "apiId": "/providers/Microsoft.PowerApps/apis/shared_commondataserviceforapps"
            },
            "parameters": {
              "subscriptionRequest/message": 1,
              "subscriptionRequest/entityname": "ya_request",
              "subscriptionRequest/scope": 4
            },
            "authentication": "@parameters('$authentication')"
          }
        }
      },
      "actions": {
        "条件": {
          "actions": {
            "係長を取得する": {
              "runAfter": {},
              "metadata": {
                "operationMetadataId": "0aa3fd02-6d02-40c4-b4b4-0638f2c3e079"
              },
              "type": "OpenApiConnection",
              "inputs": {
                "host": {
                  "connectionName": "shared_commondataserviceforapps",
                  "operationId": "GetItem",
                  "apiId": "/providers/Microsoft.PowerApps/apis/shared_commondataserviceforapps"
                },
                "parameters": {
                  "entityName": "@triggerOutputs()?['body/_ya_seniorstaff_type']",
                  "recordId": "@triggerOutputs()?['body/_ya_seniorstaff_value']"
                },
                "authentication": "@parameters('$authentication')"
              }
            },
            "開始して承認を待機": {
              "runAfter": {
                "係長を取得する": [
                  "Succeeded"
                ]
              },
              "metadata": {
                "operationMetadataId": "513b47f5-55b1-4b03-bb30-540962a0b9a2"
              },
              "type": "OpenApiConnectionWebhook",
              "inputs": {
                "host": {
                  "connectionName": "shared_approvals",
                  "operationId": "StartAndWaitForAnApproval",
                  "apiId": "/providers/Microsoft.PowerApps/apis/shared_approvals"
                },
                "parameters": {
                  "approvalType": "CustomResponse",
                  "WebhookApprovalCreationInput/responseOptions": [
                    "承認",
                    "条件付承認",
                    "保留",
                    "否承認"
                  ],
                  "WebhookApprovalCreationInput/title": "物品購入申請",
                  "WebhookApprovalCreationInput/assignedTo": "@{outputs('係長を取得する')?['body/internalemailaddress']};",
                  "WebhookApprovalCreationInput/details": "申請ID: @{triggerOutputs()?['body/ya_id']}",
                  "WebhookApprovalCreationInput/enableNotifications": true,
                  "WebhookApprovalCreationInput/enableReassignment": true
                },
                "authentication": "@parameters('$authentication')"
              },
              "description": "outputs('係長を取得する')?['body/internalemailaddress']"
            }
          },
          "runAfter": {},
          "expression": {
            "not": {
              "equals": [
                "@triggerOutputs()?['body/_ya_seniorstaff_value']",
                "@null"
              ]
            }
          },
          "metadata": {
            "operationMetadataId": "9bf7286e-4d83-46a0-93d2-c4636836b1ad"
          },
          "type": "If"
        },
        "条件_2": {
          "actions": {
            "課長を取得する": {
              "runAfter": {},
              "metadata": {
                "operationMetadataId": "a3e1c93c-3b72-4917-8dd5-8f120ab659d0"
              },
              "type": "OpenApiConnection",
              "inputs": {
                "host": {
                  "connectionName": "shared_commondataserviceforapps",
                  "operationId": "GetItem",
                  "apiId": "/providers/Microsoft.PowerApps/apis/shared_commondataserviceforapps"
                },
                "parameters": {
                  "entityName": "@triggerOutputs()?['body/_ya_manager_type']",
                  "recordId": "@triggerOutputs()?['body/_ya_manager_value']"
                },
                "authentication": "@parameters('$authentication')"
              }
            },
            "開始して承認を待機_2": {
              "runAfter": {
                "課長を取得する": [
                  "Succeeded"
                ]
              },
              "metadata": {
                "operationMetadataId": "6969ef90-6184-4415-924d-1fd2d86dd0ce"
              },
              "type": "OpenApiConnectionWebhook",
              "inputs": {
                "host": {
                  "connectionName": "shared_approvals",
                  "operationId": "StartAndWaitForAnApproval",
                  "apiId": "/providers/Microsoft.PowerApps/apis/shared_approvals"
                },
                "parameters": {
                  "approvalType": "CustomResponse",
                  "WebhookApprovalCreationInput/responseOptions": [
                    "承認",
                    "条件付承認",
                    "保留",
                    "否承認"
                  ],
                  "WebhookApprovalCreationInput/title": "物品購入申請",
                  "WebhookApprovalCreationInput/assignedTo": "@{outputs('課長を取得する')?['body/internalemailaddress']};",
                  "WebhookApprovalCreationInput/details": "申請ID: @{triggerOutputs()?['body/ya_id']}",
                  "WebhookApprovalCreationInput/enableNotifications": true,
                  "WebhookApprovalCreationInput/enableReassignment": true
                },
                "authentication": "@parameters('$authentication')"
              },
              "description": "outputs('課長を取得する')?['body/internalemailaddress']"
            }
          },
          "runAfter": {
            "条件": [
              "Succeeded"
            ]
          },
          "expression": {
            "not": {
              "equals": [
                "@triggerOutputs()?['body/_ya_manager_value']",
                "@null"
              ]
            }
          },
          "metadata": {
            "operationMetadataId": "01f0d084-c934-433b-8d41-f27b5097f1a9"
          },
          "type": "If"
        },
        "条件_3": {
          "actions": {
            "部長を取得する": {
              "runAfter": {},
              "metadata": {
                "operationMetadataId": "942455a7-a488-4725-b49e-c55b0c7f0235"
              },
              "type": "OpenApiConnection",
              "inputs": {
                "host": {
                  "connectionName": "shared_commondataserviceforapps",
                  "operationId": "GetItem",
                  "apiId": "/providers/Microsoft.PowerApps/apis/shared_commondataserviceforapps"
                },
                "parameters": {
                  "entityName": "@triggerOutputs()?['body/_ya_generalmanager_type']",
                  "recordId": "@triggerOutputs()?['body/_ya_generalmanager_value']"
                },
                "authentication": "@parameters('$authentication')"
              }
            },
            "開始して承認を待機_3": {
              "runAfter": {
                "部長を取得する": [
                  "Succeeded"
                ]
              },
              "metadata": {
                "operationMetadataId": "1d75ef31-82d9-4456-9315-058570edccb3"
              },
              "type": "OpenApiConnectionWebhook",
              "inputs": {
                "host": {
                  "connectionName": "shared_approvals",
                  "operationId": "StartAndWaitForAnApproval",
                  "apiId": "/providers/Microsoft.PowerApps/apis/shared_approvals"
                },
                "parameters": {
                  "approvalType": "CustomResponse",
                  "WebhookApprovalCreationInput/responseOptions": [
                    "承認",
                    "条件付承認",
                    "保留",
                    "否承認"
                  ],
                  "WebhookApprovalCreationInput/title": "物品購入申請",
                  "WebhookApprovalCreationInput/assignedTo": "@{outputs('部長を取得する')?['body/internalemailaddress']};",
                  "WebhookApprovalCreationInput/details": "申請ID: @{triggerOutputs()?['body/ya_id']}",
                  "WebhookApprovalCreationInput/enableNotifications": true,
                  "WebhookApprovalCreationInput/enableReassignment": true
                },
                "authentication": "@parameters('$authentication')"
              },
              "description": "outputs('部長を取得する')?['body/internalemailaddress']"
            }
          },
          "runAfter": {
            "条件_2": [
              "Succeeded"
            ]
          },
          "expression": {
            "not": {
              "equals": [
                "@triggerOutputs()?['body/_ya_generalmanager_value']",
                "@null"
              ]
            }
          },
          "metadata": {
            "operationMetadataId": "6d9d9c76-500f-4228-a109-3e376dc70313"
          },
          "type": "If"
        },
        "行を更新する": {
          "runAfter": {
            "条件_3": [
              "Succeeded"
            ]
          },
          "metadata": {
            "operationMetadataId": "e5ec17e7-3a61-476e-94ef-7b39e1af82a4"
          },
          "type": "OpenApiConnection",
          "inputs": {
            "host": {
              "connectionName": "shared_commondataserviceforapps",
              "operationId": "UpdateRecord",
              "apiId": "/providers/Microsoft.PowerApps/apis/shared_commondataserviceforapps"
            },
            "parameters": {
              "entityName": "ya_requests",
              "recordId": "@triggerOutputs()?['body/ya_requestid']"
            },
            "authentication": "@parameters('$authentication')"
          }
        }
      },
      "outputs": {}
    }
  },
  "schemaVersion": "1.0.0.0"
}